product_id,status,image_url
B01CUPMQZE,success,
B076WQZGPM,success,
B000B658RI,success,
B088FKY3VD,success,
B07NGFDN6G,success,
B07G9GWFSM,success,
B08XZ97HFY,success,
B08DNQTTQK,success,
B01ERJEGS6,success,
B08P7LXKP7,success,
B01555WAOS,success,
B07GGYR3LJ,success,
B06XJZ7955,success,
B07FVZVQKV,success,
B00FCQHYEW,success,
B07ZJW55Z5,success,
B08X7JHQG5,success,
B07WFSQXL5,success,
B074SHN8YC,success,
B07MH4Z7J7,success,
B07R13ZSV5,success,
B08BV6F6BC,success,
B07X1TK3VS,success,
B07MDP86Q4,success,
B07CV988JX,success,
B0B77LDV4B,success,
B088ZB4DTH,success,
B086Y93JJC,success,
B07Z818MLY,success,
B004ZWH3XG,success,
B071DY8Z4B,success,
B0BTLTVR1X,success,
B07DRZLZQQ,success,
B01LZXWCXM,success,
B0017WUID4,success,
B086HRN773,success,
B01D8DTE4I,success,
B071G4NNH7,success,
B008U5QJYS,success,
B087QGZXLP,success,
B01MCXNGP8,success,
B017JPCGSM,success,
B07B6F7NJ5,success,
B08CGWHCNN,success,
B08LYT4Q2X,success,
B089CSF11Y,success,
B091SRVJLG,success,
B073RBSXY9,success,
B00GFDSKS0,success,
B005DT7YP2,success,
B08R8JSNL8,success,
B08F56PF98,success,
B07QNGTSYY,success,
B0181ML7X2,success,
B087BL2XJ5,success,
B07R7YWQKW,success,
B08FZB43ZK,success,
B00BX9KND6,success,
B005TP0PHO,success,
B000BBPSFA,success,
B07G9X7NLW,success,
B01JRZXSSE,success,
B07FXLQ65C,success,
B07ZK5T97C,success,
B000VCCM58,success,
B00V5JV3C4,success,
B08N59PWV6,success,
B0B8D137G7,success,
B07QKYM8LR,success,
B07KFPH3S7,success,
B00OYP165K,success,
B09B9NFFSM,success,
B07KFGWC8S,success,
B08LYZY994,success,
B094NW9PRS,success,
B01BGSYRD0,success,
B07CSKGJ2H,success,
B094QK5NSZ,success,
B09NN699FT,success,
B00QBZ7D9E,success,
B089SQTVDW,success,
B07YJGYBXX,success,
B07B9WW5YB,success,
B0159D9ZJ4,success,
B01CLV0KI2,success,
B08L8THDHW,success,
B08G7WN5BM,success,
B0086UL0WS,success,
B0058WE96Q,success,
B08GCB8ZH5,success,
B002CJI2BG,success,
B002UG5EZS,success,
B01663ASGU,success,
B0177RLJ1W,success,
B08V5DYF6R,success,
B08ND9SL4Q,success,
B010J7VQ88,success,
B07N9715WM,success,
B0001HYJW2,success,
B07JGQMXZ8,success,
B00NI8L5R8,success,
B07VXTP6G5,success,
B017I3QBJK,success,
B076QMVRS9,success,
B01KGIFJSS,success,
B084D433NB,success,
B07KQGN4J1,success,
B0924GT395,success,
B08FQQJB7T,success,
B081ZN3TD5,success,
B07Q4YCBWD,success,
B07SS4G6B2,success,
B01N0OO5OJ,success,
B016YAMKWA,success,
B08HWD7JHJ,success,
B077TSWZDN,success,
B07CNYD5D7,success,
B08PQC8LQ2,success,
B00GAXFYY8,success,
B07YBLFFW5,success,
B00AJVLYGO,success,
B08X46Z2PC,success,
B08JTH7FVD,success,
B08GYJ3GMB,success,
B07C7SXR7R,success,
B086BX71TD,success,
B01IT7527Q,success,
B00759LVR0,success,
B07BM2X7PG,success,
B00VKARK8Y,success,
B07TWM2CXD,success,
B07PV3R2Y4,success,
B07DCDJMSB,success,
B07WC326QR,success,
B08RSJDSSB,success,
B07GTQTKPY,success,
B00QPOZPSM,success,
B06ZZMXS8W,success,
B07NNV9HQS,success,
B01959J7OQ,success,
B018QY0FK6,success,
B07JDDWWBL,success,
B01N0VK68I,success,
B0754HBCRK,success,
B092MBF587,success,
B07QTHXN1D,success,
B07SXJ5BM9,success,
B01DABT1AU,success,
B003D1UTRC,success,
B07W13NWVR,success,
B07RWNW9GV,success,
B07V5KKRNB,success,
B07CTX62W7,success,
B07K41QCQX,success,
B01C3Z6T68,success,
B00QQLBWNQ,success,
B01BQXYWQM,success,
B00A9LPMEY,success,
B08HR5PDN6,success,
B01LFUCWKO,success,
B08HGQT46C,success,
B01ICLDQA4,success,
B0113BF8NI,success,
B00UXT3GIG,success,
B00CF2P7AY,success,
B0771NT64F,success,
B09GXMKV5H,success,
B00VKEV0L8,success,
B01HTO87X6,success,
B07Y9JG82G,success,
B00C17UPE6,success,
B097VJFK2L,success,
B09NSG8VRM,success,
B011XUJR1I,success,
B072N95X6P,success,
B07W5S82Y5,success,
B08M5DXZDJ,success,
B0731VNNBX,success,
B00F06EUFU,success,
B07SGNZ86V,success,
B0871ZTZSW,success,
B07X5V6QLB,success,
B084VH7M49,success,
B07SY84DPP,success,
B0716X1J4B,success,
B01FDGIIT0,success,
B08MVFKSQ8,success,
B07HH458B6,success,
B07CTQQLLJ,success,
B08ZRTSR2S,success,
B00028NLKG,success,
B07R9RNDV5,success,
B0734JLX5P,success,
B07PFH92HN,success,
B07ZQ3RMV4,success,
B08FCLKX9V,success,
B09K3Z86WR,success,
B079SD3GZW,success,
B0828Y9FM1,success,
B08WHBSK6R,success,
B07KD6XFQZ,success,
B07DLGQBF5,success,
B00MGLADU8,success,
B08WL67Y7W,success,
B08CGV3RR9,success,
B07XYVPQQK,success,
B077MWYVLC,success,
B017A0PAFW,success,
B08VGYCWQ7,success,
B087CK2GB4,success,
B00X8CFLNS,success,
B072N2JF9V,success,
B07CMWX44V,success,
B09BNDHBHF,success,
B00PZY165E,success,
B004VH2OSO,success,
B06W2K5ZFX,success,
B0C5V83YMB,success,
B0B7WHWMC1,success,
B08543WQLC,success,
B0777W6C4X,success,
B07SSFL9T5,success,
B01DTU7VM2,success,
B0813F6K6X,success,
B08FYZ9VJY,success,
B017J17QQ8,success,
B07LD62HVC,success,
B08RBDB6ZT,success,
B07FBYY9LD,success,
B0166R6XBU,success,
B09MF7XKPR,success,
B07RYN86RV,success,
B01I3IEWQI,success,
B083TPC3HN,success,
B07NXS6YJ3,success,
B07CJQSG5M,success,
B016ZES556,success,
B0978NWY6R,success,
B07X9L2XZT,success,
B08PNXDY6F,success,
B07HPC9TLX,success,
B07RW78DS8,success,
B08L4RQ3MV,success,
B08ND729SK,success,
B085Y57C8G,success,
B07WXPMB38,success,
B08ZCGKGHR,success,
B09FDTDK3G,success,
B01IRX4X4K,success,
B089Q6KLHS,success,
B07LGZF4YV,success,
B07BXHZLV4,success,
B07KFRJYPJ,success,
B08B2Q6BJ7,success,
B08HN147NV,success,
B07MMB6T1B,success,
B00TISI070,success,
B07FQG965K,success,
B07BMD3BCW,success,
B007MJKGEC,success,
B07G2P4K7D,success,
B0798PTV19,success,
B010X7D7X6,success,
B08CRL6H24,success,
B08J3QLHXG,success,
B018IVD9FK,success,
B072BYMGRB,success,
B07YRN53DK,success,
B08WF29DM9,success,
B082BJYV38,success,
B072JC1JV2,success,
B00F77LG8G,success,
B07F5TJZQ7,success,
B082V9GSMD,success,
B00JZK3A1M,success,
B01AY42P36,success,
B083SL4BTW,success,
B0895NG63H,success,
B07CF9R32T,success,
B01CJF85QO,success,
B07GDL58LN,success,
B074YHVN5D,success,
B00454W6XG,success,
B011CS35QE,success,
B082WYQWGF,success,
B099RRLL72,success,
B01DM4ROS6,success,
B078JJW9GV,success,
B07MGJBYMP,success,
B004H8ZKWE,success,
B0007CHJGY,success,
B00T5KQAUU,success,
B099PLWWQY,success,
B071PCCMFF,success,
B08SGXFM81,success,
B075FMD915,success,
B07QD4NS2H,success,
B09X8SWWTY,success,
B079ZC4BSW,success,
B00YE966A6,success,
B083NXF32H,success,
B0192BX5WC,success,
B06XFY9HZY,success,
B011954TM4,success,
B07ZCHM9SL,success,
B077D8QM6K,success,
B0147I957O,success,
B07BFB8R8M,success,
B096TRNWS6,success,
B01KH0HQLS,success,
B08JVGGGZ7,success,
B08JPPKZXF,success,
B01H837M70,success,
B002GIBVL6,success,
B01497J64U,success,
B076WP4F1V,success,
B09B593RM5,success,
B018RBMOB6,success,
B00CZ4Z0XQ,success,
B075C775ZD,success,
B07SNPQMXB,success,
B089K3923P,success,
B07C1M5KRZ,success,
B08GZWJVR4,success,
B000VMGAD8,success,
B07D293LTR,success,
B01N21HAYJ,success,
B08L3QKHRJ,success,
B07R5S9WGC,success,
B003YKWXM6,success,
B00G6KAQIE,success,
B00NNLWGXW,success,
B07V8GH8D7,success,
B00I8B2286,success,
B09JC2GTVD,success,
B07GTQVVDJ,success,
B007D7FU8K,success,
B086H1VGC9,success,
B00KVMRNQQ,success,
B07JCDP7KV,success,
B08BC5MMT1,success,
B092396HPQ,success,
B08GSKKXHM,success,
B08BG6J5H3,success,
B07MDHZTTX,success,
B005YJ3KBI,success,
B09NVN6WTC,success,
B08K2QFDZD,success,
B09P59K9GG,success,
B07PRKKHRX,success,
B00157BTMU,success,
B01G83S1F8,success,
B0182Y1IUG,success,
B004Q8ASRC,success,
B086SK8KF1,success,
B08C7BCB6P,success,
B01MT6FPWO,success,
B01MZ4IMKE,success,
B0939T8MCG,success,
B08JCZH7XW,success,
B086V16PX2,success,
B08SPXF6XD,success,
B07SYY1162,success,
B00YQTQ9I8,success,
B01J4JB3WG,success,
B07SKJSD9S,success,
B075H2WPXN,success,
B01IW03FLU,success,
B0777QHNLR,success,
B07197537Q,success,
B07WDCY23G,success,
B00I254ZDS,success,
B08J2LY93D,success,
B00R1795KG,success,
B07F39RP3T,success,
B08P2JB862,success,
B0957TPWQJ,success,
B07TMYHPPS,success,
B07C4MD1LY,success,
B016MNB4HQ,success,
B0859L4DKL,success,
B07KWLBY9H,success,
B0711BSKGQ,success,
B08CSHLLLG,success,
B0794R47BM,success,
B00BUI0FBU,success,
B0130RZ2HK,success,
B095NYJL6C,success,
B07KQWMJQW,success,
B00V5GLBEM,success,
B01M6WXMFM,success,
B095PB68Y1,success,
B00N31E4T6,success,
B08BS4MD39,success,
B07M95NSKM,success,
B07JVW6ZTF,success,
B07WN8KH6H,success,
B01N077LM7,success,
B00CYVUAA8,success,
B074SGRFCW,success,
B07927V3SQ,success,
B08V1257KB,success,
B07D33K512,success,
B01HT395TC,success,
B09DD15ZDC,success,
B08CBVSF67,success,
B01IAEBWWM,success,
B07GZ9CLTC,success,
B07LBBB7KB,success,
B017F2OH2M,success,
B06XBZ961R,success,
B01GHSRLTQ,success,
B07PB8QHNF,success,
B07HY9QT12,success,
B07JF4C4C2,success,
B00TAHJOYC,success,
B07Q4VWYK8,success,
B08YYPHSN3,success,
B06XF82JVQ,success,
B00UV80M8Q,success,
B08CVGMFRB,success,
B08HMLXW65,success,
B07P7FFHGY,success,
B004MSZM7M,success,
B075WTBRCG,success,
B0004E9ILY,success,
B07121GVRY,success,
B095BY37Q8,success,
B07VCXV1VT,success,
B016G7APCS,success,
B07F3MWMG5,success,
B0824N5XFC,success,
B082XHLYZ5,success,
B07TBGGNYT,success,
B07JQ8KW3D,success,
B00UWWZ9Z2,success,
B01EWTVLVQ,success,
B07PG84Q36,success,
B01J7QU4S0,success,
B0099LBLB8,success,
B01GFROOJO,success,
B08378WVBJ,success,
B08XJ48PRL,success,
B01LZSVBSI,success,
B07S1CJMS8,success,
B07JYVP676,success,
B08HVYYG2H,success,
B08TGZHTP4,success,
B07S3XPSN5,success,
B09LTTV41L,success,
B00X1QHOD6,success,
B07CH3JRGR,success,
B07GCJJ4HT,success,
B08GC18YRV,success,
B09L47JBQ1,success,
B077D4921Z,success,
B00102JGFC,success,
B07LD3M88C,success,
B01D86KD6I,success,
B07G6FTK91,success,
B08LZ76QML,success,
B08FZ7B16S,success,
B07P1K3K2X,success,
B00078X2UU,success,
B00OQIGH2M,success,
B01LZA8QP4,success,
B08FD36X79,success,
B01IUNJ3H4,success,
B0149DT3WY,success,
B00L5KKSLK,success,
B082KFJS9H,success,
B07X13G3YV,success,
B096TKRXN6,success,
B00915QNQU,success,
B08RDS5G49,success,
B00D62C2F0,success,
B082FBCPLX,success,
B00WEN2SXS,success,
B07DZ1Y5TN,success,
B08F2FLCQK,success,
B00WNAUEXI,success,
B012POL9Q2,success,
B0062Q6K8C,success,
B01BBRNLEC,success,
B01DJZZ08Y,success,
B075SX6X3L,success,
B072JW8MJH,success,
B002VZNCL6,success,
B00KWUOJ3M,success,
B07JWGD7PR,success,
B07ML5333D,success,
B07XFKZ874,success,
B073XDWYR1,success,
B082MC34Q2,success,
B086QW86VL,success,
B00ZGYTTNE,success,
B0754HZ1YZ,success,
B00XOSMH4M,success,
B07KZHR2V1,success,
B078SP328M,success,
B000V87RP2,success,
B0062F0MJQ,success,
B00005GT12,success,
B0007PD2BW,success,
B079CPD45R,success,
B00NFJBVIS,success,
B001PH5SX6,success,
1561023280,success,
B0872KL2TZ,success,
B000025YVO,success,
B01M0KJW81,success,
B008A0PUSY,success,
B00095O09I,success,
B00FZ10RYS,success,
B08NN2MHBY,success,
B000QCX8RO,success,
B000N86CY2,success,
B018T7O9PC,success,
B000025HFT,success,
B0007807OO,success,
B01974S2ZE,success,
B0014WMIUI,success,
B001F3G4EW,success,
B00304PRWO,success,
B00N368G5E,success,
B013H1ALO8,success,
B00PUTUP88,success,
B00U1OCGGG,success,
B00G2IJ4IS,success,
B007BYPRW4,success,
B00006497I,success,
B0000073U7,success,
B0047IRB4E,success,
B008SFSTOI,success,
B000IG2PNG,success,
B00000IR6D,success,
B000ZQASEM,success,
7799215364,success,
B003826E20,success,
B000GFD36C,success,
B003UJ6J9E,success,
B07MSG4K21,success,
B000QB71XM,success,
B000FPPZLO,success,
B01FF8ZZK6,success,
B003GD03P0,success,
B003R2PASA,success,
B00020V7ZK,success,
B008TV8QL2,success,
B001EKGRMA,success,
B01MRE4W8X,success,
B005JPUWJU,success,
B09NB1LX7J,success,
B00005ERHJ,success,
B000008A2U,success,
B000ZH3VCW,success,
B000T400ZC,success,
1556869622,success,
1444107186,success,
B000KJ8Y18,success,
B00JZ2KUSQ,success,
B013RPFRK2,success,
B0006Z15EE,success,
B00D7HBTQ2,success,
B01HULCZZ4,success,
B00NNV6HRI,success,
B01MTL9QGG,success,
B002UT90ZK,success,
B0089AZVSY,success,
B00081YRJG,success,
B07953GPNS,success,
B0053TD28U,success,
B007XHW77C,success,
B0080U5CFA,success,
B0097F17CE,success,
B00000418W,success,
B00126J8SG,success,
B000MK2Z5Q,success,
B083WSRV3C,success,
B00N0ECFRE,success,
B0007VSAUO,success,
B0036ZXPBC,success,
1415918228,success,
B07DKMRM5L,success,
B01KAPLOJ0,success,
B0006VCFC4,success,
B000PHPS4G,success,
B001PZOCLC,success,
B004GSDGV2,success,
B00AB7OF8U,success,
B00005Y7Q7,success,
B002QGAV78,success,
B07FGT8J1B,success,
B087FL753S,success,
B00005FQ81,success,
B0000562JU,success,
B08K1M1RCR,success,
B006X08ECC,success,
8804535806,success,
B003HVQWZ6,success,
B0002YL4Z4,success,
B07BPFTKLG,success,
0340912480,success,
B000KNES14,success,
B01BXN0SZ4,success,
B000FPWTQ8,success,
B0045SR560,success,
B01N52DTT3,success,
B004UMDIQ2,success,
B099QXHZWV,success,
B003MU543I,success,
B0000083QL,success,
B000B63ERE,success,
B003Q33NSO,success,
B0000544G7,success,
B005JPWIU6,success,
B00DNIO71O,success,
B07HCS9CDD,success,
B00JTKOXAK,success,
B00SX7I9OQ,success,
B000069F4L,success,
B0000041AH,success,
B00BQI407Y,success,
B0012HGIUQ,success,
B0785RRMZQ,success,
B005DMU2BW,success,
B002T6ST0G,success,
B00YG2V85E,success,
B002HU093O,success,
B002VUEVH0,success,
B00EXW8NN2,success,
B01BKRNVHU,success,
B013H13D4S,success,
B000N6Y4QW,success,
B07C9RQNJT,success,
B01MDRZXBZ,success,
B0002SU5C8,success,
B0194SR5BU,success,
B00MJ6ET0A,success,
B005MEOVDQ,success,
B0054SGMWS,success,
B005F6AHNY,success,
B0011G2SA2,success,
B00AC1Z9EO,success,
B00IZ1AOCA,success,
B000BWLMTK,success,
B0016CR1FI,success,
B000SZXDVK,success,
B08G89GHVV,success,
B00FY3WWSG,success,
B07LD2FRJM,success,
B00004WXHX,success,
B002UXJJE8,success,
B000WSTE3O,success,
B09M29KCC1,success,
B00STOBLZC,success,
B0009WC3JK,success,
B00CF0E5WW,success,
B0000260QQ,success,
B0000069D1,success,
B00DHQ87RW,success,
B01NCVZ36V,success,
B007X4YR1Y,success,
B09FYMR38R,success,
B00361YGQE,success,
B000027GRK,success,
B00MJB01FM,success,
B00846AI22,success,
B01M9EEAF7,success,
B08HR5LF3D,success,
B001C7KA1O,success,
B000HQGIK8,success,
B00BTMIOWE,success,
B00BRKYR2Y,success,
B0037BGC42,success,
B006XJQ91Q,success,
B01AB99IZM,success,
B00G2HTO48,success,
B013GVSK6U,success,
B00HTJWTFO,success,
B000M4ZIYM,success,
0760134030,success,
B00CKEO2I0,success,
B00B9PS9XU,success,
B004Q3PC46,success,
B01M7XTV1F,success,
B0B8MD3DKS,success,
B001DZ5OE8,success,
B00PUU0LC2,success,
B073LP9GY4,success,
B0738PSG5X,success,
B01K8LGCSO,success,
B0008IUMA2,success,
B00000ATNT,success,
B0011Q1LBO,success,
B00005HS8G,success,
B000KIDC66,success,
B07RNP7WJY,success,
B0002CEJU8,success,
B071SGHVLS,success,
B001QVFNV8,success,
B00ND86Q6I,success,
B00015U0HW,success,
3899407008,success,
B01MFE0UPG,success,
B07DHZQRWS,success,
B0014F0Z5K,success,
B000UFXWSM,success,
B0006FO6MC,success,
B005Y2OM3K,success,
B001OIX8DS,success,
B07G273SG6,success,
B000002K89,success,
B000CSG8AQ,success,
B000GQLRLY,success,
B018LQ4JBU,success,
B001OFB8A6,success,
B00CBRIB88,success,
B07DCMXT5G,success,
B013GVNLZ0,success,
0007214154,success,
B003UJ2U4W,success,
B072PDR5Z3,success,
B007V7YBFK,success,
B00005CC5B,success,
B009KLQN2Y,success,
B00FEJIPUE,success,
B003JK30LY,success,
B00G2HTEA2,success,
B00P36JZ1G,success,
B07YKXFVGK,success,
B0042KZ5YK,success,
B00BCZARXC,success,
B0014G4VTK,success,
B01MPY47I0,success,
B095L5LY8Y,success,
B019GLO392,success,
B000GYHZ6M,success,
B006VYCX9U,success,
B01KARR492,success,
B000007XOX,success,
B0797NSRTB,success,
B00FRL0976,success,
B00N23RFSM,success,
B07GDS4YK1,success,
B000TFNIAA,success,
B07FFNGJZF,success,
B099322YPZ,success,
B00483CQLQ,success,
B008S0GXDW,success,
B000F8J4D6,success,
B000YQ7D4Q,success,
B000AYJG8S,success,
B01AXLZGG8,success,
B00000718P,success,
5557422889,success,
B001EK7NJG,success,
B00VC9R1LE,success,
B001OQNAPG,success,
5559550833,success,
B002HMSMUY,success,
B000BB7DY4,success,
B0056H828O,success,
B00PDNS8F8,success,
B001QBBPTW,success,
B07Z74ZZVR,success,
B005O003ZS,success,
B007IFO78G,success,
B01K8MAPEA,success,
B01G4DXV5C,success,
B007TY99FW,success,
B004QTF1B4,success,
B000N0TN0A,success,
B003CSOW6U,success,
B09931T3BV,success,
B0029LJ964,success,
B0007A3OCE,success,
B0001XXAVM,success,
B004XZ6Y8K,success,
B00NQI8U14,success,
B00FZ0QBI0,success,
B00GO3ECCE,success,
B00424TXVC,success,
B00PO5EALQ,success,
B00PUU2WSI,success,
9998971276,success,
B0009NBOTY,success,
B006EE6MHG,success,
B00CRKUOUM,success,
B0012P6BVY,success,
0736676260,success,
B000ENOBS0,success,
B000XIF9Y6,success,
B0002VUFDY,success,
B000NYXE4M,success,
B0002Z9BGM,success,
B00FZ0SWJ6,success,
B0007SN2DW,success,
B00ZQ7WPO6,success,
B005Y2PO3C,success,
B005YPUSUI,success,
B001PH5RTG,success,
B000SXBUGW,success,
B000CBEP8A,success,
B01K8KOG4C,success,
B0000565IQ,success,
B0012N39G6,success,
B00D2JJRTG,success,
B00JEOH3GC,success,
B000092A4Y,success,
B0001FBT7C,success,
B0B6CTBMJ9,success,
B001D12Z12,success,
B000FD9HW4,success,
B0002651UG,success,
B000FLV23I,success,
B000H7D33M,success,
5555448880,success,
B000006ZJ5,success,
075406364X,success,
B01G4DOZ7K,success,
B00QU4R2M4,success,
B003XDAO70,success,
B00004URUP,success,
B014I3I790,success,
B004QV6WY2,success,
B00CCRN9B6,success,
B01C5ETURW,success,
B00C9QOZMW,success,
B00FY3J6E4,success,
B004G7FUQM,success,
B000TQYF6A,success,
B01M8PMRX1,success,
B0146V24OI,success,
B000GFM9TO,success,
B00G1WSYKO,success,
B075764Q66,success,
B000RLC712,success,
B004KB8KAM,success,
B00000JLEW,success,
B01AXM9KR8,success,
B0009ZEMKU,success,
B00GMVYBXS,success,
B00XEI3F8O,success,
B003LTSDTW,success,
B000JTN55Y,success,
B07NWSMBL7,success,
B01ABBK2H8,success,
B000LZJWC6,success,
B0009JPUTI,success,
B0019QUHXE,success,
B01BOZ9LVI,success,
B0009XP5H6,success,
B014KPNKMU,success,
B000HDJSLW,success,
B0012GRX3I,success,
B01K8O65NI,success,
B0000072F8,success,
B00QMPD34C,success,
B01KAW4A4Y,success,
B01G65VSR6,success,
B00000I3BJ,success,
B003UIYC30,success,
B000092GAR,success,
B0007Y7RDW,success,
B007CLFJH4,success,
B000KLG6U2,success,
B001G299LC,success,
B07HGJ3Z57,success,
B00JV3RJ7Y,success,
B009UH5B76,success,
B00455U970,success,
B002JJCPKS,success,
B098NS1QS4,success,
B003UJGW6Y,success,
B00VKV2UPQ,success,
B01G7O27TY,success,
0989153673,success,
B000NDTC26,success,
B0000011M8,success,
B007R0CMFW,success,
B006XL85GG,success,
B00004S767,success,
B0045URVPI,success,
B00JU9YSHS,success,
B08LX5958B,success,
B01KMZ3EUU,success,
B00FW6936E,success,
B01KBII3AE,success,
B01H7Y87I8,success,
B001T54VSM,success,
B01K8NA7BK,success,
B000VAG9I6,success,
B000CDCABM,success,
B08QXX9CVC,success,
B00005GXFD,success,
B00C9QMM40,success,
B003X5MI18,success,
B01KARKDJ0,success,
B000JLGK6I,success,
B000BI2BJO,success,
B000MT71U6,success,
B07QKW8Z92,success,
B000027RJ8,success,
B00FZ1WCHS,success,
B07RZ2Q1T1,success,
B0082OD2E2,success,
B00PV3PXSK,success,
B000ITITE2,success,
B000NQ8J86,success,
B000Y40TMQ,success,
B003581NDW,success,
B01DMK0LF8,success,
B002TC2V68,success,
B003VW3I1M,success,
B002UDYUHE,success,
B001PGZQDO,success,
B0094JXTUG,success,
B013GWE4QO,success,
B01EOLJ4YI,success,
B008LOHRR6,success,
B0000275O3,success,
B000MK548Q,success,
B00E1XCV4K,success,
B0009AJNPO,success,
B000VH380Q,success,
B00DPWVKBS,success,
B01K8KKS1C,success,
B0013FVJN8,success,
B0096QL6RU,success,
1609075722,success,
B0002QXFF4,success,
B000LST4VC,success,
B002CK3H2O,success,
B00B1T3TAC,success,
B000IJVWX2,success,
B000KRNI2A,success,
5553779235,success,
B00N6K8BC0,success,
B005W6VKD8,success,
B005F0RO22,success,
B018WQOF5Y,success,
B01N9VZSRR,success,
B000056582,success,
B07LFNXQGD,success,
B000008PNS,success,
B00EPD2QUK,success,
B004GLI2ZY,success,
B003MOW5ZY,success,
B000EU43KO,success,
B01GUHF9WA,success,
B008VUYAD4,success,
B0002F4J14,success,
B00JI9N7MW,success,
B00067AK0W,success,
B002QHDELW,success,
B0097GP3PU,success,
B010Y3I5Y0,success,
B088YVLY6R,success,
B0095MCDOA,success,
B002U7DN2I,success,
B013Q75BCA,success,
B0036L4F4M,success,
B00000B6D2,success,
B000KE3YA4,success,
B003NM1E66,success,
B0898K7QSH,success,
B0007N0XAC,success,
B003UJ35T6,success,
B076BWXHRS,success,
B0006DSFVC,success,
B082DT2PC3,success,
B00DAHNCBE,success,
B004ICRPLI,success,
B07HGGC74T,success,
B00G49HCF2,success,
B000056XHC,success,
B001H1OQBA,success,
B01GUUC2H2,success,
B0015EA43I,success,
B0015GJFB8,success,
B005URR498,success,
B005GXL88Y,success,
B09JNLS11S,success,
B003SQDWEE,success,
B005MGCBW2,success,
B0007914LI,success,
B016V80UG8,success,
B004USRKLK,success,
B000DZAY76,success,
B08CXTSK54,success,
B0149YLJ1G,success,
B00005B1SH,success,
B014I37SZ4,success,
B00H6TQ53E,success,
B000K89LCA,success,
B008ALC7L6,success,
B002VLTHIM,success,
B000024MNO,success,
B00B5BX66S,success,
B06ZXTKYHN,success,
B07FX2LXR4,success,
B01GKWEISG,success,
B00GOLH2S2,success,
B00BXLV3RO,success,
B018F4M89S,success,
B00BXQXO0S,success,
B003YLZCFK,success,
BT00CTOUNS,success,
B00NM4ISEQ,success,
B00EEHV8DI,success,
B07193NQ2P,success,
B00FRL7CNA,success,
B0747TDN6L,success,
B005FGQHB0,success,
B00GRL9JO4,success,
B017T6CUS2,success,
B073VBZM8J,success,
B077N4CNVJ,success,
B08JDZPKRN,success,
B00BXLVHZM,success,
B00VF0NNEY,success,
B00ET5WBU4,success,
B00FTITVAS,success,
B00BXLVTRI,success,
B00ADR2LV6,success,
B00NT5WGZA,success,
B01NBHBSPG,success,
B0091JKQ50,success,
B00AG1IY7Y,success,
B01MQ1S9WD,success,
B01806P27Q,success,
B00CHQKLIQ,success,
B00BXLSI3G,success,
B08JVCQFT5,success,
B0091JKPPQ,success,
B01N51TPPF,success,
B00ISCEAMG,success,
B016CDUWBA,success,
B01GOQHGL4,success,
B073DRZYFS,success,
B002PY04EG,success,
B079PMF9VC,success,
B072L7RXQ7,success,
B00CHQKE56,success,
B071X4ZX3X,success,
B075MZKGRL,success,
B0172YI7LU,success,
B09ZJ41RDW,success,
B00MXD96K2,success,
B00E1PGRVG,success,
B09KNYJNHP,success,
B00HEYD5HU,success,
B07F28HXF5,success,
B073DKGT39,success,
B00TFPRGEE,success,
B00GOLH84U,success,
B002VG4A16,success,
B0083V904U,success,
B001HBIB0C,success,
B0108MGHWO,success,
B0893J69QP,success,
B00FTJICKC,success,
B07S395QMG,success,
B00BXLT0Q0,success,
B01GKWEM6O,success,
B00IX1CZ1U,success,
B00IT0NO10,success,
B00BXLUX0C,success,
B005S28ZES,success,
B07HKZ49JR,success,
B00BXLVAD6,success,
B00DNAGA8K,success,
B01LWT0HQS,success,
B00A40UJCU,success,
B007EE5JKQ,success,
B007EE60N6,success,
B00BXLSYEY,success,
B0727VWRHF,success,
B016PDOOFM,success,
B0877WKXTK,success,
B00K4PIGES,success,
B00CHQKIYI,success,
B07H64MVC9,success,
B00BXLW5QC,success,
B00BXLW6T8,success,
B077W1VKH4,success,
B001GXRQW0,success,
B07GFQ5B44,success,
B086KKT3RX,success,
B00BXLSM0A,success,
B07FK7L97N,success,
B08B3QF2VC,success,
B07DK32V7G,success,
B003L16FEU,success,
B00EVW58UK,success,
B00BXLVSME,success,
B015OTJZCU,success,
B00BXLVJP0,success,
B07Y645G81,success,
B076J1QCFG,success,
B0719C5P56,success,
B002YF0NZQ,success,
B00X0EV9R6,success,
B08T7PLH4K,success,
B00CHQ7INW,success,
B01LWX45ZW,success,
B08JDV4N7L,success,
B00PG24GN4,success,
B00BXQDW0U,success,
BT00CTP0N2,success,
B00BXLU92E,success,
B00K7RRSJM,success,
B007EE61FI,success,
B00U6DT4CG,success,
B0096DXVCQ,success,
B00X0EUP2Q,success,
B005FGQHOM,success,
B0763LWZM1,success,
B00N47FVEG,success,
B00F2RZMEA,success,
B00K4PIAEE,success,
B09HLHDG3H,success,
B00Q7Z2U0A,success,
B0091JKYA2,success,
B00ADR2XIC,success,
B00PG23QFI,success,
B00CHQ7ESQ,success,
B007EE5IOI,success,
B00JFBLZ90,success,
B01578LL84,success,
B0725JDG8C,success,
B07FX57ZRG,success,
B01B25L15E,success,
B017CXTDP0,success,
B01MSBQB1P,success,
B01GKZ35ZU,success,
B08WDWYXTN,success,
B015OTJTJE,success,
B00BXLTG8C,success,
B00BXLT664,success,
B00O3YKR48,success,
B07GHDHKPN,success,
B0160LI5T0,success,
B015OTIY4K,success,
B07KRS1V4S,success,
B00BXLWKDK,success,
B00BXLW0K8,success,
B005ESMMPE,success,
B00OGPYGQ4,success,
B00Q80UCUE,success,
B07FBD2G1G,success,
B01B3FBGR6,success,
B07SQF4GSP,success,
B002SC04U4,success,
B00BXLW2AQ,success,
B0763LD693,success,
B00O3YJD4S,success,
B007EE5G1I,success,
1619923009,success,
B07DD3S5P6,success,
B005ESMHCW,success,
B002X07UXK,success,
B005ESMK1K,success,
B007EE5XS4,success,
B003CMVVS8,success,
B00BXLTY52,success,
B00FRL7HQC,success,
B01MDMMLMW,success,
B084LNN4N9,success,
B01GF6WRRG,success,
B002T6BPR0,success,
B0B93D2ZPH,success,
B0764M9G8N,success,
B00BXLT3A8,success,
B07SSH5X9P,success,
B07641V39S,success,
B07K7PSNBY,success,
B01GKZ3PXW,success,
B002OOBESC,success,
B00CHQ7JBI,success,
B01FERQURA,success,
B0727VWMH7,success,
B00CHQKGXG,success,
B07V5KN9XM,success,
B08ZKXST5V,success,
B07G2KMVC2,success,
B00GRLUECA,success,
B00X6G8J3A,success,
B004CZRZKW,success,
B01DWOZGGS,success,
B086RMMBL4,success,
B00EW4LFKO,success,
B006PJHPQC,success,
B00K4PITIQ,success,
B07H5M7VZ9,success,
B00EEHVEB4,success,
B00BXLWCJ2,success,
B00GB8MS4G,success,
B004D071DW,success,
B007JXAY9S,success,
B005FGQHV0,success,
B07XH57M99,success,
B01DFWID1W,success,
B00GZAL2T2,success,
B00PG9870U,success,
B00F8MRNYG,success,
B007EE5UBE,success,
B08HWRNFM9,success,
B06WVPKR26,success,
B007EE5VN6,success,
B0176W9Q9U,success,
B00BXLVDRE,success,
B078J2312Y,success,
B0BG2KMPD7,success,
B00BXLV932,success,
B081BN3MG6,success,
B00DJ9JLWW,success,
B00BXLU87U,success,
B00ELQD0DS,success,
B07FHBM9DK,success,
B07WP77L64,success,
B007EE5YMY,success,
B00BXLTPEC,success,
B07LG1SSQF,success,
B08XZPYN21,success,
B00CHQ7I2S,success,
B001H53QDK,success,
B01GKWEEQM,success,
B07RT22235,success,
B00JDQKOG2,success,
B005ESMJ02,success,
B00BXLUNNY,success,
B06WVP2XNF,success,
B01B25L60Y,success,
B01B3DYSF0,success,
B07TYW1LM5,success,
B0093DHOA4,success,
B081R56TXR,success,
B00BXLW8HS,success,
B0763KZNBY,success,
B0091JKM0O,success,
B08B3TP9CW,success,
B0172YGETW,success,
B01KTWIO42,success,
B00BXLUPQE,success,
B002MS7BPA,success,
B002XNOVDE,success,
B01K8RKA9A,success,
B00FTGEV96,success,
B00OOKDO4Q,success,
B00K4PIJ6S,success,
B07H917WCR,success,
B00NVUDUFS,success,
B002YEV7PM,success,
B06ZY3Y9BZ,success,
B0041EDQ5C,success,
B0BT85F69N,success,
B0091JL0AK,success,
B07NSPGCZJ,success,
B06XW6WF87,success,
B01B3FCTX6,success,
B01GF7H0X6,success,
B00GOLQ71U,success,
B06XH8F7W3,success,
B007EE5HV2,success,
B016PASEN8,success,
B00BXLTS6W,success,
B018F4H5DM,success,
B07HJHK8Y5,success,
B00OR54KFU,success,
B005ESMEI4,success,
B00BXLVXGA,success,
B00GU2ZW7S,success,
B07FCCY4CK,success,
B01E4QPDV6,success,
B0773F7JG9,success,
B078GWV31Z,success,
B07DD5D9LP,success,
B00VTVA1T4,success,
B002YEWXZ0,success,
B00FTGF3P2,success,
B0091JKZ7Y,success,
B075HD6QXW,success,
B019GYWJ4U,success,
B00BXLUDHK,success,
B00657AKP2,success,
B07GTF56ND,success,
B015OTJQL0,success,
B01GF6X842,success,
B00VGLR8ZW,success,
B00BXLSP0C,success,
B00PG23W84,success,
B076CV42TK,success,
B00BXLUHRQ,success,
B0160LI70C,success,
B00TEFNEE6,success,
B0172ZRPD0,success,
B0160LI7MA,success,
B00PG24QFM,success,
B00BXLUTBK,success,
B002O018DM,success,
B007EE5WTE,success,
B002QTPZUI,success,
B0763NTL1W,success,
B00VF0N3KI,success,
B00GDHVMR4,success,
B07641DGQV,success,
B00HLAO65M,success,
B00K4PIZIK,success,
B07641P3WL,success,
B00IYFNEGK,success,
B01GF116DM,success,
B07JMV25V6,success,
B00ADR3CE6,success,
B0064PLNJW,success,
B09HLJ6P3K,success,
B002OECSEG,success,
B00FY6W48G,success,
B016PAS7AI,success,
B002UKJMXO,success,
B00LIAHI6K,success,
B017CXT792,success,
B00BXLTUBA,success,
B009SB1AEC,success,
B00RJBVCIW,success,
B0763R8L73,success,
B00JDQKM3C,success,
B07GH7JZ91,success,
B00N47FXDK,success,
B07F39D27F,success,
B002YEWXZU,success,
B00FTGF8N4,success,
B07D89QMCL,success,
B07TKF36V4,success,
B06ZYDKCS7,success,
B005J044IU,success,
B07DK1F1TQ,success,
B076VL3H6B,success,
B0160LI7DY,success,
B007EE5Y2E,success,
B016CID2JY,success,
B00O4I5E14,success,
BT00CTPBIQ,success,
B01IE42XY4,success,
B00BXLUFQ4,success,
B00K4PO4MG,success,
B00CHQKJEW,success,
B08LVR65HL,success,
B002OECSI2,success,
B01FERQXQS,success,
BT00CTOZWO,success,
B00Q80TWAA,success,
B00ADR339U,success,
B076J1X53Z,success,
B00PG84P66,success,
B017HT2WVQ,success,
B007RFFXAS,success,
B01GKWEZKW,success,
B004BVCHDC,success,
B0156VG62I,success,
B07JJMZNQ8,success,
B07WT7RCGL,success,
B077T89BGJ,success,
B00GBTLOF4,success,
B06ZY3YR31,success,
B007EE5O1A,success,
B00BXLV248,success,
B07WT75KT2,success,
B08LZLTDP8,success,
B00JLL44SI,success,
B0078EPB78,success,
B002YF28X6,success,
B00JDQKELW,success,
B016PARGYG,success,
B077TG1J96,success,
B0078EPRWM,success,
B004A9PYKI,success,
B01MYU8B14,success,
B08WWBFXRT,success,
B00BXQIGA6,success,
B0029F2570,success,
B00O988YK2,success,
B01FERRBBE,success,
B00FRL7O9M,success,
B08WWJ5MBX,success,
B07MZS7SH9,success,
B07FX8QBVH,success,
B00CJ0WVYC,success,
B005ESMG96,success,
B01K8RLQ48,success,
B016PARV82,success,
B077T898WK,success,
B074NGD55Y,success,
B002VG4AR0,success,
B01DCN7SQK,success,
B01M32A99Y,success,
B01K8RKJK0,success,
B09H3XJBB2,success,
B07Q55VRMR,success,
B06ZYP35HT,success,
B0784Y31DG,success,
B00CMFWIGA,success,
B005FGQH7E,success,
B08R7H3HG7,success,
B00BXLUELK,success,
B00FRL7RF8,success,
B07DG6PZKP,success,
B00Q80W856,success,
B002SC9DRO,success,
B004W86DCA,success,
B005ESMFJ2,success,
B0078EPSKS,success,
B00MOWEJ86,success,
B00IGYNQ3K,success,
B00Q3IEIGK,success,
B08V1SCBRN,success,
B01GOQISLQ,success,
B005FGQIL4,success,
B01ESBMW0M,success,
B07WNYNX31,success,
B00BXLTR6S,success,
B00ADR3HS2,success,
B016CDNMMG,success,
B00CMBQH2K,success,
BT00CTP13G,success,
B00H7M21Y2,success,
B09QCXG1FW,success,
B01GF6X20W,success,
B07XMLDH8Y,success,
B07Q55HRG2,success,
B00UUCVXDG,success,
B07JJNDRZ7,success,
B00PMFBOD0,success,
B07DJSK8ZR,success,
B00BXLSNV8,success,
B00BXLTKRE,success,
B07YMZ7X7B,success,
B002OECSDM,success,
B07JDX6G77,success,
B001H324JO,success,
B00OR547DA,success,
B0091JKZYW,success,
B0091JKMB8,success,
B0BLTGGJZC,success,
B01MRVT5EN,success,
B01M24FWQE,success,
B007I0G9PU,success,
B00P08BVBO,success,
B00BXLSUF2,success,
B07HJD9FVV,success,
B01K8RKSH4,success,
B00ELQD538,success,
B01E4QPH4O,success,
B00X0CGVJY,success,
B00BXLVETG,success,
B00O4I4LSQ,success,
B00414UU6U,success,
B00O3YJMS0,success,
B072BQ7XSH,success,
B00A40UJPM,success,
B07Y5YJK66,success,
B00BXLT5EW,success,
B00R8JT7RS,success,
B00CHQ7G66,success,
B016J1LFX4,success,
B002PY053G,success,
B09GTBDL3L,success,
B00GOLGUVC,success,
B00JDQKJGM,success,
B00H9RU5V6,success,
B00NM4I2JW,success,
B075RYGZ51,success,
B017HT2TXC,success,
B0B6C12ZQD,success,
B07JGSPRD5,success,
B00PG4EU2E,success,
B00JU719OK,success,
B00CHQ7HG0,success,
B07Q424G7D,success,
BT00CTP0VY,success,
B016J1LCRI,success,
B017CXT40O,success,
B07Q55VSFQ,success,
B0060B2FB0,success,
B00IYFMD6C,success,
B06XW2W3CJ,success,
B01MXWKFWR,success,
B015QELP0S,success,
B016J1LHF0,success,
B00BXLSJXA,success,
B07YYWDPSM,success,
B00G3LBCO8,success,
B00BXLSW14,success,
B00BXLSFXE,success,
B015RUEWZ6,success,
B00P3DU2M0,success,
B08TRYYCM2,success,
B005CK13YA,success,
B0747V31BF,success,
B07V346GZH,success,
B075W927RH,success,
B01FB26VKY,success,
B01IAI29RU,success,
B08CMN38RC,success,
B07YJ5JB26,success,
B013EXXYLG,success,
B07FTJBJWK,success,
B003TSVQK8,success,
B004J776UM,success,
B08185N99K,success,
B07VXRM7H9,success,
B0BHXTKF3T,success,
B07428P6NP,success,
B01FSE9170,success,
B074W913FV,success,
B01FLRR58G,success,
B07FKD6J76,success,
B01783WOPA,success,
B006ZFIBP0,success,
B08FY1X1PH,success,
B07PGCW4KG,success,
B09NPB2N61,success,
B076M6LGS4,success,
B07H55YWLV,success,
B01IGASIL8,success,
B00V3G2EY0,success,
B0845Y336R,success,
B08LQMX874,success,
B002XILMD6,success,
B07PPBG7YB,success,
B08RS729NK,success,
B005AYBCH6,success,
B000AOO5LQ,success,
B00BOV3GW8,success,
B00X40FEOK,success,
B07MCL5DR6,success,
B083BQLK8H,success,
B01IZ2WQQK,success,
B01BCNYN3S,success,
B075ZXP9XL,success,
B074W9PPTR,success,
B0096BUBP8,success,
B071L5VCPQ,success,
B015I5R6EO,success,
B0BHGYM83Z,success,
B092JCHPNX,success,
B075M4HCX2,success,
B06Y119YHC,success,
B06Y5MHQRS,success,
B08PMKPH2D,success,
B0842XD5ZK,success,
B078J597MT,success,
B00J9Q468S,success,
B015RZ7QPE,success,
B006LCJBKQ,success,
B01G8Z1WGQ,success,
B088KQQDTS,success,
B07KQWLDXG,success,
B072DZSWLQ,success,
B08ZNB9YSR,success,
B09WQN8RYT,success,
B099GTM278,success,
B09288LY2X,success,
B01KNFE7XC,success,
B003D0F3ZG,success,
B01MQLMR8P,success,
B06X97R2FX,success,
B089FFC8KN,success,
B07892WZNN,success,
B08ZBNFLG8,success,
B01M1FEVQU,success,
B01NAKG5BW,success,
B08XB2HRLR,success,
B01FUXL118,success,
B018RQCDBW,success,
B07G9Q2L48,success,
B00LTM7GSC,success,
B07X9KBMMM,success,
B07DCCHL7J,success,
B07NV714HM,success,
B094DPW2SM,success,
B06WRR9W86,success,
B005F0CHYM,success,
B010U1C2LI,success,
B07JGWMQ3N,success,
B08SKBL8BZ,success,
B09JWV5H7C,success,
B000M5NOHE,success,
B094QQYDLD,success,
B07KPLKVG8,success,
B01BFDBXQ0,success,
B081TJ9VMQ,success,
B07XF3T5JD,success,
B01H58ANNS,success,
B088X4N69M,success,
B091KV3S66,success,
B07HJDNKPJ,success,
B01FKP3YQQ,success,
B00J4YXP5K,success,
B07N1X21TV,success,
B0117WRANO,success,
B08CSPGJ4S,success,
B072QKPCKL,success,
B08FB1HBV1,success,
B088D3G749,success,
B08DCN415M,success,
B08L6HMX8P,success,
B01GU9OSTI,success,
B00CEY9XTY,success,
B09RFZKBN5,success,
B07FPCPYYC,success,
B003L15FY6,success,
B00I6KGE1A,success,
B07TL5T2R1,success,
B01MCZV8QU,success,
B0B4Z2PMHZ,failed,https://m.media-amazon.com/images/I/61uPKrHvZ4L._AC_SL1498_.jpg
B071VQMDL9,success,
B00QVZ1GO2,success,
B00K3LW2UM,success,
B01LDOF20E,success,
B08JVHC7Z6,success,
B005U5KWHQ,success,
B01AHJCMAE,success,
B0797M8SFS,success,
B07XJPP93N,success,
B01E34CMZ4,success,
B089M5SQXW,success,
B07R1SHN5M,success,
B01MTVHFZB,success,
B076HKKWLQ,success,
B003ZZAIC2,success,
B06WP4HTLT,success,
B07FYJQG64,success,
B07W6XVLX1,success,
B071LJG4LH,success,
B076HHV93D,success,
B07NL5R8Y6,success,
B078KYBCQW,success,
B07X5515HK,success,
B088WQ55CK,success,
B07RYKJXWT,success,
B07TXLKMCG,success,
B098SZJ6N3,success,
B01N02BCRR,success,
B0071BZONY,success,
B08J3V3Z12,success,
B018ENXFCO,success,
B0031DQ5KW,success,
B074W63FWP,success,
B0938ZYR98,success,
B0B4328BFW,success,
B0016376AW,success,
B01CN4U7M6,success,
B00DSS2220,success,
B081YT4QNS,success,
B07BK2X9L8,success,
B07P32D5CN,success,
B01F7Z2OHY,success,
B08FFBBHG3,success,
B01MYXMOPF,success,
B01MY5BSTM,success,
B084KX73QJ,success,
B00WGRORF4,success,
B07BQ3YDKG,success,
B0741GLF6X,success,
B0873XZXLY,success,
B07218LWDP,success,
7451474151,success,
B07JG2T7Z8,success,
B075YMRLV1,success,
B095WR73ZP,success,
B08H4LXKMQ,success,
B018N5HHFE,success,
B07YS847TK,success,
B08S2M6X4G,success,
B006862KAI,success,
B002IXL8N0,success,
B09N8Q5D4M,success,
B01MEEJF6T,success,
B08MBCDGQL,success,
B08PFGPVKP,success,
B077WZL3N7,success,
B006UXVNVG,success,
B004ZMYCQW,success,
B010ULGEEE,success,
B0B82C71WN,success,
B014XJYV94,success,
B083K7MZ6Q,success,
B00KAM2J4I,success,
B072MRJF39,success,
B006932NTS,success,
B08LZ5F9PM,success,
B0017O5TLI,success,
B07KRRGDDN,success,
B01E04MCZ2,success,
B0881M5PXF,success,
B08DG5C6ZS,success,
B0751V7T1R,success,
B06XG2W186,success,
B08VR59M1R,success,
B01HVYDOV4,success,
B078Z59348,success,
B07D6JP1PQ,success,
B07QLZKQ1X,success,
B0BBFN6WZM,success,
B00WVETM0M,success,
B092MXM3ZG,success,
B079JWQLJG,success,
B09C4P96R8,success,
B08L55XRDK,success,
B092HVCZBW,success,
B00KQPKK6I,success,
B00415ALBI,success,
B07ZJ4NVYG,success,
B079TT734Y,success,
B08CFND87W,success,
B004Q61G1G,success,
B01I4YFWW4,success,
B09PHN5XS1,success,
B08V14ZYSL,success,
B000S1XS0A,success,
B07N2P17TD,success,
B08GB65HJS,success,
B07GGJDKZC,success,
B0007A1E9E,success,
B01IAFE5W0,success,
B00RO8398Q,success,
B01N0LO23D,success,
B08MQKBVPH,success,
B097P6Q6LY,success,
B01E1RQ27M,success,
B07F3W87PV,success,
B07NSLQBVQ,success,
B01LYFMU23,success,
B08WYFCRRR,success,
B01IU9AGEC,success,
B075ZJ9J95,success,
B076BCBF8H,success,
B08B1BCSWD,success,
B08L8CZLG3,success,
B08H8DWFVN,success,
B07QCRQNWK,success,
B0036F2OWS,success,
B01990O22S,success,
B07MSB4RT8,success,
B000G7Z3UY,success,
B07H847C3T,success,
B075B3NMVK,success,
B08L6FB9SM,success,
B003V59S9U,success,
B07849VB1X,success,
B00FQE4LXC,success,
B07RZCF814,success,
B078JXLTW7,success,
B08MMP5CGZ,success,
B07693KZN8,success,
B01INTESXO,success,
B00IZFR2O4,success,
B00NK4CH18,success,
B002BUT19I,success,
B08TWBYTPT,success,
B00O3B6BXW,success,
B0C524HJR2,success,
B08DHN7MMD,success,
B08GBY1BTL,success,
B08B875YR8,success,
B07K2ZLMTT,success,
B01IWEGFM2,success,
B09CSP5376,success,
B07MBFZQW3,success,
B00FOHDNWQ,success,
B01EMLOE2M,success,
B00TRQE46E,success,
B08NW799QN,success,
B07NHZQJQY,success,
B00Q39MRIU,success,
B0889Y9G8N,success,
B0039ZGHJG,success,
B013RLC7T0,success,
B00A29URLQ,success,
B07Y1J77PC,success,
B082TV5MZC,success,
B07QJYGS13,success,
B004YES532,success,
B0034K8KDC,success,
B08BN8SCYR,success,
B07JF4W1TM,success,
B09HZ8M15Q,success,
B071J5FHDD,success,
B001E13L5K,success,
B07TD889YL,success,
B0009TU9GW,success,
B01975HJFW,success,
B01NAGU9V6,success,
B08KZQPTMH,success,
B07TSRKL3Z,success,
B00NADGV7U,success,
B00DSIBQTA,success,
B007X07QUC,success,
B01IAI1BYW,success,
B07DX9DWWF,success,
B00M3BPPHC,success,
B01M8II9AN,success,
B075ZPY6DB,success,
B07N8HLMND,success,
B07T49KBJZ,success,
B0797YVZMW,success,
B091BYYPJ7,success,
B00MSID8YW,success,
B07CHH76WV,success,
B00HZSRMJM,success,
B06Y1QF1DQ,success,
B00IHIUOJE,success,
B00F7NWRZ6,success,
B0714BJXRF,success,
B088BC7M2G,success,
B08NPG1CHS,success,
B079XSWTKP,success,
B07XB5TRYK,success,
B075431T8K,success,
B01EVY3IZY,success,
B004LVYQBS,success,
B01GYJBL8U,success,
B08GJTPTZK,success,
B01JB3HK4K,success,
B013HKFUSG,success,
B01L9309MK,success,
B00G3HMGGU,success,
B09QLCC62Z,success,
B00CLSYHJ4,success,
B00E4MOU8S,success,
B08JV2XF6P,success,
B08NXFDQ1L,success,
B07LF1C5PV,success,
B07HM446Y7,success,
B074NZ7GZH,success,
B014B1GIFY,success,
B001RYMKWO,success,
B0B1JHXXDB,success,
B00KT6ZPAA,success,
B08JGDD99G,success,
B087T8HZZD,success,
B007XCD8MU,success,
B00T6ZRCC4,success,
B00HNFM23I,success,
B001V9SU2Y,success,
B019VLN7D0,success,
B00M9GRATC,success,
B004SI16P8,success,
B072NHL9JQ,success,
B06WGNY74Q,success,
B01EKBB7SI,success,
B00U03LTB6,success,
B081CQ8H24,success,
B07718HW61,success,
B0012PB236,success,
B07VK4BYWY,success,
B07HCRTY5D,success,
B0050FE4UC,success,
B00NERXYE0,success,
B09H59YTW1,success,
B00INYC260,success,
B01N0L3M8G,success,
B08168DYTG,success,
B08ZNMJZXR,success,
B07BPYQD3W,success,
B00TPVN0VG,success,
B00US7DS5Y,success,
B086VJ29ZN,success,
B00MSWQ6UQ,success,
B0751H9S4L,success,
B085NM6VY9,success,
B07CKWQLBY,success,
B01KYRVC5U,success,
B000I4OLBC,success,
B078W4PFJW,success,
B06XG6QXG3,success,
B08KXZ94WS,success,
B014I0KPEI,success,
B01K6SY0QU,success,
B081YLH8L3,success,
B01AW2UNTI,success,
B073JKX895,success,
B08SG2QP29,success,
B09ZX63GTJ,success,
B0733M3MZ4,success,
B003IGJSQK,success,
B081WWHTR1,success,
B08CGFNYZC,success,
B01BEEKMVM,success,
B008ODVFVS,success,
B00GCSPBIK,success,
B07PYQ5D2R,success,
B0018PWLLM,success,
B0B966CMLX,success,
B0894W2Y71,success,
B00R6OT3UQ,success,
B08PF2CK39,success,
B072F2LB5N,success,
B01IAIJ8EM,success,
B07HS3V43Z,success,
B01JZ90QO6,success,
B077GF6H3N,success,
B08X628LNC,success,
B07L8H5DGH,success,
B0BGPBR31Y,success,
B07DP4H3ZW,success,
B09RKG6BTT,success,
B01MRK8LQN,success,
B074CS4PWV,success,
B01MS35PET,success,
B071ZRJWXZ,success,
B00LR7J290,success,
B08VRMY45P,success,
B078N5KY11,success,
B093SJ5CCQ,success,
B01JMHMUCW,success,
B014XJYD42,success,
B07DF739BK,success,
B08CDSGRTW,success,
B07TCKRL5M,success,
B087CH6NBX,success,
B00I2M3JTC,success,
B01GF7ERNC,success,
B018WGXNX4,success,
B08NC11W79,success,
B07DKZGP2C,success,
B0781G71C3,success,
B01N0AWW0R,success,
B06XXV8DXS,success,
B082164FLZ,success,
B002V3IL8M,success,
B002FFF1XY,success,
B077SC44P7,success,
B01L0K7CL8,success,
B0002HS7OW,success,
B00MLJH9MU,success,
B07HVVTBXK,success,
B01FWLAGGO,success,
B07XTNPRJ3,success,
B06ZZNDTZP,success,
B018KT3Z4K,success,
B01MU1QXM8,success,
B08T221XS8,success,
B07MVCJJST,success,
B08FD49X47,success,
B07Y31MCNX,success,
B009K70HFC,success,
B01CNGRMG8,success,
B076FN26PS,success,
B08C2GTBMK,success,
B07ZV58BY9,success,
B0042M6RAO,success,
B000ZOCCLQ,success,
B00MLC5EC4,success,
B07L1D2GG6,success,
B00S7XWHYO,success,
B002GOFKP8,success,
B07Z98VZRY,success,
B07D9CFQ69,success,
B06XBT65XB,success,
B08KG1RLQQ,success,
B00S0IPBU8,success,
B081KVY1T7,success,
B01N25ON2F,success,
B098431Y29,success,
B005E82Z92,success,
B00BE22HOU,success,
B00BMFRR9E,success,
B01EBU8SJO,success,
B01E4GD746,success,
B01MY5YI3S,success,
B0742MMVPK,success,
B075RT5Q4X,success,
B015BSQ9IC,success,
B08L22GTW8,success,
B08VJ9NRVN,success,
B01IAICYYI,success,
B08BF93ZMH,success,
B075M969N6,success,
B00WFHL5JG,success,
B09MZ14SFL,success,
B07YBK82RJ,success,
B00BG0VTX0,success,
B00JJRRW9C,success,
B082YRQ3YF,success,
B000WSVH3O,success,
B06XYVYCL6,success,
B00GYO9F2A,success,
B0C1GG9V4L,success,
B01CC3MX9I,success,
B081BBVSW4,success,
B003PBT0P2,success,
B00IG0UR4A,success,
B07VYNQ4QG,success,
B08W821MK1,success,
B09CD4T3CN,success,
B07KGJ7LX1,success,
B07YWQC14D,success,
B000FH0MHO,success,
B00069EVOG,success,
B00Z9TLVK0,success,
B07SZJZV88,success,
B002WH4ZJG,success,
B00005Y3OJ,success,
B0001ZNU56,success,
B07H93H878,success,
B009C9E8JY,success,
B00006969T,success,
B07DL353F8,success,
B00BJH85SW,success,
B09QXCZ6CX,success,
B0C3LTVMNZ,success,
B07J1TD61J,success,
B001EYUX4Y,success,
B014BNPNVM,success,
B001ECIV54,success,
B01N9HGQTM,success,
B00004SVXD,success,
B00NVH3WJU,success,
B0725ZD6QD,success,
B00K3T7D4E,success,
B091TBL236,success,
B07B3RPWKK,success,
B08TBXXCZW,success,
B08928XH3Y,success,
B08MF1YQ7G,success,
B09FXRJ44J,success,
B004BLJPZU,success,
B08WLJ8WF2,success,
B005ILK04M,success,
B09SRXBT8Y,success,
B0735JWDMF,success,
B07YJJ85YD,success,
B000GEABW2,success,
B07TTN1S96,success,
B0185MMKYS,success,
B0013953N6,success,
B00BW800LI,success,
B08XXJLZ8N,success,
B002197J3O,success,
B0011UH182,success,
B08BJZNBYL,success,
B0000690NH,success,
B072KHS2P7,success,
B00OLOQGAY,success,
B0012GOECQ,success,
B07L3N5ZGY,success,
B07TQYRVSZ,success,
B07D482RJ8,success,
B09XSJ282Q,success,
B08CRMC56N,success,
B002KAKSJQ,success,
B01CEY4CTY,success,
B078GW3HGR,success,
B01702K36Q,success,
B00R6HCZ0I,success,
B00H5NRSAK,success,
B09V6PJ1SC,success,
B08BC1PZ1T,success,
B003ES5ZTG,success,
B086PN1SLM,success,
B004BV5O0U,success,
B06XKY1PP1,success,
B001ELJEA6,success,
B00004SVP3,success,
B0BMLVYQZD,success,
B00B5QGJ5S,success,
B01A6UHQJG,success,
B08CN5LC3Y,success,
B07LDMYC7V,success,
B0BJ2N41R9,success,
B017M9HYMI,success,
B00GW6VBOK,success,
B09CG15F86,success,
B09TFCFZJ6,success,
B00002ST5F,success,
B00JYA880G,success,
B06Y3SRCTN,success,
B07JKM5FVP,success,
B07PCQSQKX,success,
B08P1CB1G2,success,
B00002SUAF,success,
B008HTGMBC,success,
B002KE4NVG,success,
B0816HC1H7,success,
B07PFRQP6F,success,
B00GYL29NU,success,
B0013WI4L6,success,
B07GQVD13S,success,
B098XD357L,success,
B017EAGBVA,success,
B001EYUWL8,success,
B00K7LDYTQ,success,
B077W4YKVB,success,
B006M38RX6,success,
B002XUALKY,success,
B00AA55K50,success,
B01IY437KI,success,
B01LP5V5CU,success,
B00M3T4KMA,success,
B09SHMXFRM,success,
B001LYS85S,success,
B08865S99Z,success,
B008235PQQ,success,
B00BN5T30E,success,
B000EP3ZLC,success,
B07RGXQ2TG,success,
B07TXDHKH5,success,
B002XUKTT2,success,
B0C61Q3TVB,success,
B01CTNIV7E,success,
B07T84BYYW,success,
B000WQ3838,success,
B06XWC4GBD,success,
B0B3MF7BTH,success,
B073S47LKD,success,
B07NBGCLCX,success,
B09KTNJTZD,success,
B09PDQ76HP,success,
B0025KW024,success,
B001TMU0CG,success,
B07RLWC9LM,success,
B014Q48RZU,success,
B07GN75XN1,success,
B093H7R8XV,success,
B0BLXXGZJL,success,
B089QJ3NKP,success,
B07MSGKVJY,success,
B09RF97WF2,success,
B0BLP6FW67,success,
B00004XOKM,success,
B002MSUVCK,success,
B005OBY876,success,
B00GUNLZ00,success,
B00004U2H6,success,
B00061YNOC,success,
B009156SHE,success,
B001RNOQLS,success,
B07SG171WL,success,
B07ZK7SWCW,success,
B006IVOLCI,success,
B0B9ZF4VHT,success,
B015Q7IF3U,success,
B00ZLI9MR8,success,
B07KXS41QL,success,
B07FPRWGM4,success,
B01J4JTNTG,success,
B00XY0IVK4,success,
B00005V9O0,success,
B001D7793K,success,
B07VTR7B18,success,
B01A73DCB8,success,
B07W9955Z4,success,
B00008DHLK,success,
B094JWT2M7,success,
B00006JN5L,success,
B0B6BF97TZ,success,
B09FQ5HM4Y,success,
B0B63CZYM7,success,
B0B5KDWCVZ,success,
B0001AVSH8,success,
B08QNDS6Q5,success,
B00R6OLQGA,success,
B083BVXNGX,success,
B08VS1LLBN,success,
B0000CE1IN,success,
B077JPRCMH,success,
B07FQPQ7RH,success,
B00OVGABF8,success,
B00LHKVUBK,success,
B07QN1KG7D,success,
B001PR44OK,success,
B078GLDBZX,success,
B07KQG52FS,success,
B0000C0YSB,success,
B099WMXYGH,success,
B07J5F95LV,success,
B01GY35HKE,success,
B01LZD40GO,success,
B007YZCE94,success,
B000V5PO9Q,success,
B001EYUX4O,success,
B01CT6L1GY,success,
B07M9ZL9RX,success,
B0006HARD2,success,
B07HC8PBDB,success,
B00E1L2Z52,success,
B00K5I323O,success,
B000RE50FO,success,
B0BGLYDKZ1,success,
B005OF1VPY,success,
B08GPJJS8R,success,
B0C1RKG2PM,success,
B00SGO8TNC,success,
B00PK636UA,success,
B084DVJLFP,success,
B09MFFTCX8,success,
B07HMX9MPL,success,
B08QVDPB7S,success,
B07NLDPQZQ,success,
B07GJ5W7HV,success,
B005N2CTPO,success,
B07RRLGVSN,success,
B00004TEXU,success,
B003B07FFY,success,
B09FHJQ7H9,success,
B000SKI8JC,success,
B08XFR957G,success,
B00002SUQN,success,
B07DK574FC,success,
B004BGWD2W,success,
B0B5D8F5D7,success,
B0BKH2DWNP,success,
B09L4H6FQF,success,
B01GHBJM72,success,
B09MW19Y15,success,
B00NE73FO4,success,
B01J4KDIDW,success,
B00ICQ8FNS,success,
B075ND7H68,success,
B00CJ0OB68,success,
B01INOOL54,success,
B00BQR55JM,success,
B001EYUO2U,success,
B09V1TG17Z,success,
B0B28FGCJY,success,
B002WCB0O4,success,
B002GP5W0U,success,
B077R2N9VB,success,
B01EC5AA4E,success,
B00GFW1LWI,success,
B071ZG8RRK,success,
B00079MVHY,success,
B0BWH6DVT8,success,
B086YZYZPC,success,
B01M69FXFK,success,
B09KQ2J9YP,success,
B0040XXSKM,success,
B00KZLGWI8,success,
B00008MSOM,success,
B00024GA9O,success,
B000021Y30,success,
B06XPXKBCJ,success,
B078M5B7Y3,success,
B000AV3XBW,success,
B07MNM92XR,success,
B092D2TR8G,success,
B00GUST0B6,success,
B098ZG5K7B,success,
B004BSGP8S,success,
B074TZXP1Z,success,
B07H3QKDT1,success,
B00NQRGU6M,success,
B000035XYV,success,
B07M8QWQ5N,success,
1886846766,success,
B08NCKZJQD,success,
B004S5EH6Q,success,
B01LQRQGP8,success,
B09B1P49VZ,success,
B07MFQX2QP,success,
B000VVAVCK,success,
B08FJ4X2KC,success,
B0C357ZK5C,success,
B00I6OR1TU,success,
B07G83T3NG,success,
B00EU61DL0,success,
B01NCRK6W7,success,
B003QWYY06,success,
B00YM7AKLG,success,
B084QGDGYZ,success,
B07SJFD972,success,
B00083B6DE,success,
B0009R1TGS,success,
B07W3RQJ3N,success,
B01M0UA4M4,success,
B0072PQG22,success,
B08P2YPK9W,success,
B00E1EBX4I,success,
B0047PG3K0,success,
B07FQ6XPSP,success,
B00064NY44,success,
B0073ESZ0S,success,
B0777DRH1Y,success,
B072VM6KH6,success,
B09DF8ZDY9,success,
B00005BHPP,success,
B00ITZZGTI,success,
B075FFTPQ2,success,
B00003IEKZ,success,
B000B8GTA6,success,
B08266T612,success,
B0BR3D4X1F,success,
B00D3M821Q,success,
B00002STX8,success,
B000K1CS5Y,success,
B09JXG5SH9,success,
B092SCLV4X,success,
B095VZ5HX8,success,
B000IVERZA,success,
B0034JKYU0,success,
B00UURTXK6,success,
B07JGD8W54,success,
B07KXBQ4WW,success,
B09YGSQ1SQ,success,
B004R9ELNC,success,
B006YVI79A,success,
B001OHWQAA,success,
B08B6X4WBD,success,
1633443264,success,
B01CJFGUZW,success,
B00FS9B9XU,success,
B000W79CY6,success,
B07T4WP6TD,success,
B002JTX8A4,success,
B0718YSVY2,success,
B0B7B7WQY7,success,
B001KC017O,success,
B001Q4HLFQ,success,
B088WQVJY4,success,
B002E1MLR8,success,
B000TB6PEK,success,
B013OW09WY,success,
B00002STHB,success,
B077HGRHH4,success,
B019RJXBUK,success,
B083716LWW,success,
B08HMJVVZR,success,
B01LWYSG00,success,
B072MMQ461,success,
B00S4RAAGA,success,
B000031KAI,success,
B0000EI9W8,success,
B09Z7NGN6T,success,
B07K17L2PH,success,
B000070MQL,success,
B08YHH5QDG,success,
B001LQYLHA,success,
B0B5K4KF8J,success,
B01N2NBZRR,success,
B07KPP66SN,success,
B00K32USMU,success,
B09QVJDVHN,success,
B014EZ43I6,success,
B01MD26RTO,success,
B00002STR2,success,
B087Y981PW,success,
B08MBHYVXW,success,
B07Z8F7LTQ,success,
B004ZCPL26,success,
B092YVT5Z3,success,
B07NWGSZSJ,success,
B0BDDGXZY5,success,
B0055BIUR4,success,
B00HN3UV88,success,
B06XX1KG2N,success,
B000QYARP8,success,
B0B8HJ7DP2,success,
B01IRC9Z62,success,
B09Q2PSYWY,success,
B075CQPF8L,success,
B088LN2JYV,success,
B0BHZWQFDP,success,
B002I0HL98,success,
B07L83X8Q3,success,
B0B1GM9XH4,success,
B0BG3DMPX2,success,
B0073WKJ9K,success,
B09FL8Q6VJ,success,
B01G4KIE7A,success,
B01HDJTTGG,success,
B07KGK57KY,success,
B00UZY9S90,success,
B08SQV92ZN,success,
B07VCF9P73,success,
B000HAFEXG,success,
B077T6QC9Q,success,
B07FTCVZS9,success,
B01LMXTS9W,success,
B007VYW5K6,success,
B0BBPM9J1W,success,
B002Q4AZP8,success,
B08DL5HTMR,success,
B0B5WZV7YQ,success,
B00005A9WW,success,
B099WTQ8PN,success,
B00002S96K,success,
B08YDVXVYX,success,
B01M307QM0,success,
B07F81VKZ1,success,
B07HLQNJ5F,success,
B09TKK8GH6,success,
B07N1JQZBX,success,
B07WVSRKWW,success,
B00BBO75M0,success,
B07SXMV8LY,success,
B08GSR9GPM,success,
B074W81JKS,success,
B075XGFNBW,success,
B00006B84Z,success,
B089LYVJC9,success,
B008CXUUXO,success,
B003QCJLRM,success,
B000B6E96E,success,
B00IC4S2SS,success,
B083L54WLC,success,
B086J1Z12V,success,
B08K39H8ST,success,
B00844P856,success,
B0030MICZA,success,
B0042QXZYQ,success,
B07KLSSFNG,success,
B01H9W5SMG,success,
B0040JBVOQ,success,
B0B4VHJLKZ,success,
B002OHDFTU,success,
B08QZ884Q9,success,
B08J6ZCZ11,success,
B0B2PPXNSV,success,
B00QJC9XJC,success,
B09H5NKGWZ,success,
B07XD6HVDR,success,
B07X34PDXS,success,
B07SBK6N85,success,
B07KD8Y6Y9,success,
B00EZAWS38,success,
B00002STFM,success,
B088MGDFFL,success,
B07ZJ97BPV,success,
B09CGQ2612,success,
B00GLAUONG,success,
B07ST9BST9,success,
B001SH70BQ,success,
B09T5KH6MD,success,
B09P2B6VSS,success,
B073RP41Q3,success,
B075R9ML5Y,success,
B08CH6XM74,success,
B08DKQZXTT,success,
B07QD2HK7B,success,
B000BC38RO,success,
B09FJKX8ZS,success,
B09G6L51WP,success,
B005G4CSSC,success,
B07VQ6YNQZ,success,
B0000690N5,success,
B088ZKW6KP,success,
B08X9WT53R,success,
B09JY72CNG,success,
B003VUNWOM,success,
B009GE437W,success,
B0BTJ92NRK,success,
B013KUCYL4,success,
B086PJCTS5,success,
B01DJWX23C,success,
B0086VPUHI,success,
B01EY9IS2O,success,
B08P9NQ1T2,success,
B00005M1UR,success,
B0B6HPDH51,success,
B01GMDD1VS,success,
B089RNR65L,success,
B08R3B4CW3,success,
B006UHIPPE,success,
B001F755RA,success,
B0B1HPCMBR,success,
B001BWPZ0Q,success,
B01MG6DORB,success,
B0BTPLNGVY,success,
B09TH6SH2L,success,
B0BQDPC4SR,success,
B08HSPF4VP,success,
B078NWFLL3,success,
B0BN3YRNNV,success,
B07V4FYHDJ,success,
B096KDP58M,success,
B084B9539S,success,
B0B96D7ZL2,success,
B089S1NRTX,success,
B0973HKKDJ,success,
B07232FS95,success,
B004Y3BZ30,success,
B081W8PYJW,success,
B00008XL0J,success,
B09JYTFLHJ,success,
B094J5RPDB,success,
B08C2Q1N3W,success,
B000063467,success,
B0922T1VZN,success,
B09XV52WDK,success,
B07CRWDD4V,success,
B00F52MQD2,success,
B00KY0QH0I,success,
B018VJ57AE,success,
B000083GIT,success,
B001DIL2BO,success,
B0BJ8CCQ3R,success,
B07HSK43NH,success,
